source_id,label,category,logistic_regression,random_forest,gemini_label,gemini_explanation,gemini_needs_review,openrouter_label,openrouter_explanation,openrouter_needs_review,llm_disagreement
850,2,Neither,2,2,2.0,"The tweet consists of hashtags related to art materials and subjects (#gouache, #monkey, #tiki) with no clear attack, insult, or hateful intent.",True,2.0,"The tweet contains only hashtags and a URL placeholder; there is no profanity, insult, or identity-based hate.",False,False
1244,1,Offensive language,2,2,1.0,"The tweet uses the insult 'trash' directed at someone regarding a video game, which is mildly abusive/insulting language without identity-based hate.",True,1.0,"The tweet contains the insult 'lies you trash', which is abusive language not tied to any protected identity.",False,False
17088,2,Neither,2,2,2.0,"The text contains no hate speech, profanity, or offensive language.",False,2.0,"The tweet only states agreement with a person named Charlie and contains no hateful, insulting, or identity‑based language.",False,False
2709,1,Offensive language,1,1,1.0,The tweet contains colloquial profanity ('son of a bitch') without targeting any protected identity group.,False,1.0,"The tweet contains the profanity 'son of a bitch', which is an abusive insult but does not target a protected identity group.",False,False
6005,0,Hate speech,1,1,0.0,The tweet demeans women based on gender by associating or defining them with the misogynistic slur 'hoe'.,True,0.0,"The tweet uses the slur 'hoe' to refer to women, which demeans people based on gender.",False,False
6078,0,Hate speech,0,1,0.0,The tweet uses the racial slur 'half breed' to demean an individual based on race or mixed racial identity.,False,0.0,"The phrase 'half breed' is a slur that attacks a person's mixed racial/ethnic identity, which qualifies as hate speech.",False,False
13452,2,Neither,2,2,1.0,Uses the derogatory political term 'teabaggers' to insult Tea Party members while attributing racial bias to them.,False,1.0,"The tweet uses the derogatory term #teabaggers and suggests Nelson Mandela belongs to a disfavored group ('one of them'), which is insulting language but does not target a protected identity group.",False,False
18879,2,Neither,2,2,2.0,"The tweet is a humorous joke about criticizing a rap group, which does not constitute hate speech or abusive offensive language.",False,1.0,"The tweet calls Migos 'trash,' which is an insult but does not target a protected identity group.",False,True
2050,1,Offensive language,1,1,1.0,"The tweet contains profanity ('fuck', 'shit') and vulgar slang ('hoes', 'bitches') used in the context of personal relationship drama, rather than hate speech targeting a protected identity.",False,1.0,"The tweet contains profanity and gender‑targeted slurs ('hoes', 'bitches') but does not explicitly attack or promote hatred against a protected identity; it is best interpreted as offensive language rather than identity‑based hate.",True,False
